{
  "bezier_control_points": [
    [
      533.0,
      357.0
    ],
    [
      703.7980862916327,
      364.173641410099
    ],
    [
      695.4446059988428,
      364.182789295024
    ],
    [
      534.0000009999991,
      357.0
    ]
  ],
  "sampled_points": [
    [
      533.0,
      357.0
    ],
    [
      531.7535059804648,
      358.24649401953536
    ],
    [
      531.0,
      359.69719016673923
    ],
    [
      531.3252687891259,
      361.32526878912586
    ],
    [
      532.8085944816374,
      362.0
    ],
    [
      534.5714037131661,
      362.0
    ],
    [
      536.3342129446946,
      362.0
    ],
    [
      538.0970221762232,
      362.0
    ],
    [
      539.8598304077527,
      362.0
    ],
    [
      541.6226396392814,
      362.0
    ],
    [
      543.3854488708099,
      362.0
    ],
    [
      545.1482581023384,
      362.0
    ],
    [
      546.911066333868,
      362.0
    ],
    [
      548.6738755653967,
      362.0
    ],
    [
      550.4366847969252,
      362.0
    ],
    [
      552.1994940284537,
      362.0
    ],
    [
      553.9623022599833,
      362.0
    ],
    [
      555.7251114915119,
      362.0
    ],
    [
      557.4879207230405,
      362.0
    ],
    [
      559.250729954569,
      362.0
    ],
    [
      561.0135391860977,
      362.0
    ],
    [
      562.7763474176272,
      362.0
    ],
    [
      564.5391566491558,
      362.0
    ],
    [
      566.3019658806844,
      362.0
    ],
    [
      568.0647751122129,
      362.0
    ],
    [
      569.8275833437425,
      362.0
    ],
    [
      571.5903925752712,
      362.0
    ],
    [
      573.3532018067996,
      362.0
    ],
    [
      575.1160110383282,
      362.0
    ],
    [
      576.8788192698578,
      362.0
    ],
    [
      578.4536999972183,
      361.54630000278155
    ],
    [
      579.990223584756,
      361.0
    ],
    [
      581.7530328162846,
      361.0
    ],
    [
      583.5158420478132,
      361.0
    ],
    [
      585.2786512793418,
      361.0
    ],
    [
      587.0414605108703,
      361.00000000000006
    ],
    [
      588.8042687423999,
      361.0
    ],
    [
      590.5670779739285,
      361.0
    ],
    [
      592.329887205457,
      361.0
    ],
    [
      594.0926964369856,
      361.0
    ],
    [
      595.8555046685152,
      361.0
    ],
    [
      597.6183139000439,
      361.0
    ],
    [
      599.3811231315723,
      361.0
    ],
    [
      601.1439323631009,
      361.0
    ],
    [
      602.9067405946305,
      361.0
    ],
    [
      604.669549826159,
      361.0
    ],
    [
      606.3057241111428,
      361.3057241111428
    ],
    [
      607.7809541410572,
      362.0
    ],
    [
      609.5437633725858,
      362.0
    ],
    [
      611.3065726041144,
      362.0
    ],
    [
      613.0693818356431,
      362.0
    ],
    [
      614.8321900671726,
      362.0
    ],
    [
      616.5949992987012,
      362.0
    ],
    [
      618.3578085302297,
      362.0
    ],
    [
      620.1206177617582,
      362.0
    ],
    [
      621.8834259932879,
      362.0
    ],
    [
      623.6462352248165,
      362.0
    ],
    [
      625.409044456345,
      362.0
    ],
    [
      627.1718536878736,
      362.0
    ],
    [
      628.6609059749015,
      361.3390940250985
    ],
    [
      630.2832580027718,
      361.0
    ],
    [
      632.0460672343003,
      361.0
    ],
    [
      633.80887546583,
      361.0
    ],
    [
      635.5716846973585,
      361.0
    ],
    [
      637.334493928887,
      361.0
    ],
    [
      639.0973031604157,
      361.0
    ],
    [
      640.8601113919452,
      361.0
    ],
    [
      642.6229206234739,
      361.0
    ],
    [
      644.3857298550024,
      361.0
    ],
    [
      646.148539086531,
      361.0
    ],
    [
      647.9113473180605,
      361.0
    ],
    [
      649.6741565495892,
      361.0
    ],
    [
      651.4369657811177,
      361.0
    ],
    [
      653.1997750126462,
      361.0
    ],
    [
      654.9625832441758,
      361.0
    ],
    [
      656.7253924757044,
      361.0
    ],
    [
      658.488201707233,
      361.0
    ],
    [
      660.2510109387615,
      361.0
    ],
    [
      662.0138201702903,
      361.00000000000006
    ],
    [
      663.7766284018197,
      361.0
    ],
    [
      665.5394376333483,
      361.0
    ],
    [
      667.3022468648769,
      361.0
    ],
    [
      669.0650560964054,
      361.0
    ],
    [
      670.827864327935,
      361.0
    ],
    [
      672.5906735594635,
      361.0
    ],
    [
      674.3534827909922,
      361.0
    ],
    [
      676.1162920225206,
      361.0
    ],
    [
      677.8791002540504,
      361.0
    ],
    [
      679.6419094855789,
      361.0
    ],
    [
      681.4047187171075,
      361.0
    ],
    [
      683.1675279486361,
      361.0
    ],
    [
      684.9303361801656,
      361.0
    ],
    [
      686.6931454116942,
      361.0
    ],
    [
      688.4559546432226,
      361.0
    ],
    [
      690.2187638747513,
      361.0
    ],
    [
      691.981572106281,
      361.0
    ],
    [
      693.7443813378095,
      361.0
    ],
    [
      695.3586379959753,
      361.3586379959753
    ],
    [
      696.0,
      362.8557856527077
    ],
    [
      696.0,
      363.38140511576376
    ],
    [
      695.730306484379,
      361.73030648437896
    ],
    [
      694.2700008008655,
      361.0
    ],
    [
      692.507191569337,
      361.0
    ],
    [
      690.7443823378085,
      361.0
    ],
    [
      688.9815731062798,
      360.99999999999994
    ],
    [
      687.2187648747503,
      361.0
    ],
    [
      685.4559556432216,
      361.0
    ],
    [
      683.6931464116931,
      361.0
    ],
    [
      681.9303371801645,
      361.0
    ],
    [
      680.167528948635,
      361.0
    ],
    [
      678.4047197171064,
      361.0
    ],
    [
      676.6419104855778,
      361.0
    ],
    [
      674.8791012540493,
      361.0
    ],
    [
      673.1162930225197,
      361.0
    ],
    [
      671.353483790991,
      361.0
    ],
    [
      669.5906745594625,
      361.0
    ],
    [
      667.827865327934,
      361.0
    ],
    [
      666.0650570964044,
      361.0
    ],
    [
      664.3022478648758,
      361.0
    ],
    [
      662.5394386333472,
      361.0
    ],
    [
      660.7766294018186,
      361.0
    ],
    [
      659.013821170289,
      361.0
    ],
    [
      657.2510119387605,
      361.0
    ],
    [
      655.488202707232,
      361.0
    ],
    [
      653.7253934757033,
      361.0
    ],
    [
      651.9625842441748,
      361.0
    ],
    [
      650.1997760126451,
      361.0
    ],
    [
      648.4369667811166,
      361.0
    ],
    [
      646.674157549588,
      361.0
    ],
    [
      644.9113483180595,
      361.00000000000006
    ],
    [
      643.1485400865299,
      361.0
    ],
    [
      641.3857308550014,
      361.0
    ],
    [
      639.6229216234727,
      361.0
    ],
    [
      637.8601123919442,
      361.0
    ],
    [
      636.0973041604145,
      361.0
    ],
    [
      634.334494928886,
      361.0
    ],
    [
      632.5716856973575,
      361.0
    ],
    [
      630.8088764658288,
      360.99999999999994
    ],
    [
      629.0460682342994,
      361.0
    ],
    [
      627.6974721509307,
      362.0
    ],
    [
      625.9346629194021,
      362.0
    ],
    [
      624.1718546878725,
      362.0
    ],
    [
      622.409045456344,
      362.0
    ],
    [
      620.6462362248153,
      362.0
    ],
    [
      618.8834269932868,
      362.0
    ],
    [
      617.1206187617572,
      362.0
    ],
    [
      615.3578095302287,
      362.0
    ],
    [
      613.5950002987001,
      362.0
    ],
    [
      611.8321910671714,
      361.99999999999994
    ],
    [
      610.0693828356418,
      362.0
    ],
    [
      608.3065736041133,
      362.0
    ],
    [
      606.6773925995464,
